,pressure,wavenumber,opd,w0,g0
0,1,4166.666666666667,0.0,0.0,0.0
1,1,4347.826086956522,0.0,0.0,0.0
2,1,4545.454545454545,0.0,0.0,0.0
3,1,4761.9047619047615,0.0,0.0,0.0
4,1,5000.0,0.0,0.0,0.0
5,1,5263.1578947368425,0.0,0.0,0.0
6,1,5555.555555555556,0.0,0.0,0.0
7,1,5882.352941176471,0.0,0.0,0.0
8,1,6250.0,0.0,0.0,0.0
9,1,6666.666666666667,0.0,0.0,0.0
10,1,7142.857142857143,0.0,0.0,0.0
11,1,7692.307692307692,0.0,0.0,0.0
12,1,8333.333333333334,0.0,0.0,0.0
13,1,9090.90909090909,0.0,0.0,0.0
14,1,10000.0,0.0,0.0,0.0
15,1,11111.111111111111,0.0,0.0,0.0
16,1,12500.0,0.0,0.0,0.0
17,1,14285.714285714286,0.0,0.0,0.0
18,1,16666.666666666668,0.0,0.0,0.0
19,1,20000.0,0.0,0.0,0.0
20,1,25000.0,0.0,0.0,0.0
21,1,33333.333333333336,0.0,0.0,0.0
22,2,4166.666666666667,0.0,0.0,0.0
23,2,4347.826086956522,0.0,0.0,0.0
24,2,4545.454545454545,0.0,0.0,0.0
25,2,4761.9047619047615,0.0,0.0,0.0
26,2,5000.0,0.0,0.0,0.0
27,2,5263.1578947368425,0.0,0.0,0.0
28,2,5555.555555555556,0.0,0.0,0.0
29,2,5882.352941176471,0.0,0.0,0.0
30,2,6250.0,0.0,0.0,0.0
31,2,6666.666666666667,0.0,0.0,0.0
32,2,7142.857142857143,0.0,0.0,0.0
33,2,7692.307692307692,0.0,0.0,0.0
34,2,8333.333333333334,0.0,0.0,0.0
35,2,9090.90909090909,0.0,0.0,0.0
36,2,10000.0,0.0,0.0,0.0
37,2,11111.111111111111,0.0,0.0,0.0
38,2,12500.0,0.0,0.0,0.0
39,2,14285.714285714286,0.0,0.0,0.0
40,2,16666.666666666668,0.0,0.0,0.0
41,2,20000.0,0.0,0.0,0.0
42,2,25000.0,0.0,0.0,0.0
43,2,33333.333333333336,0.0,0.0,0.0
44,3,4166.666666666667,0.0,0.0,0.0
45,3,4347.826086956522,0.0,0.0,0.0
46,3,4545.454545454545,0.0,0.0,0.0
47,3,4761.9047619047615,0.0,0.0,0.0
48,3,5000.0,0.0,0.0,0.0
49,3,5263.1578947368425,0.0,0.0,0.0
50,3,5555.555555555556,0.0,0.0,0.0
51,3,5882.352941176471,0.0,0.0,0.0
52,3,6250.0,0.0,0.0,0.0
53,3,6666.666666666667,0.0,0.0,0.0
54,3,7142.857142857143,0.0,0.0,0.0
55,3,7692.307692307692,0.0,0.0,0.0
56,3,8333.333333333334,0.0,0.0,0.0
57,3,9090.90909090909,0.0,0.0,0.0
58,3,10000.0,0.0,0.0,0.0
59,3,11111.111111111111,0.0,0.0,0.0
60,3,12500.0,0.0,0.0,0.0
61,3,14285.714285714286,0.0,0.0,0.0
62,3,16666.666666666668,0.0,0.0,0.0
63,3,20000.0,0.0,0.0,0.0
64,3,25000.0,0.0,0.0,0.0
65,3,33333.333333333336,0.0,0.0,0.0
66,4,4166.666666666667,0.0,0.0,0.0
67,4,4347.826086956522,0.0,0.0,0.0
68,4,4545.454545454545,0.0,0.0,0.0
69,4,4761.9047619047615,0.0,0.0,0.0
70,4,5000.0,0.0,0.0,0.0
71,4,5263.1578947368425,0.0,0.0,0.0
72,4,5555.555555555556,0.0,0.0,0.0
73,4,5882.352941176471,0.0,0.0,0.0
74,4,6250.0,0.0,0.0,0.0
75,4,6666.666666666667,0.0,0.0,0.0
76,4,7142.857142857143,0.0,0.0,0.0
77,4,7692.307692307692,0.0,0.0,0.0
78,4,8333.333333333334,0.0,0.0,0.0
79,4,9090.90909090909,0.0,0.0,0.0
80,4,10000.0,0.0,0.0,0.0
81,4,11111.111111111111,0.0,0.0,0.0
82,4,12500.0,0.0,0.0,0.0
83,4,14285.714285714286,0.0,0.0,0.0
84,4,16666.666666666668,0.0,0.0,0.0
85,4,20000.0,0.0,0.0,0.0
86,4,25000.0,0.0,0.0,0.0
87,4,33333.333333333336,0.0,0.0,0.0
88,5,4166.666666666667,0.0,0.0,0.0
89,5,4347.826086956522,0.0,0.0,0.0
90,5,4545.454545454545,0.0,0.0,0.0
91,5,4761.9047619047615,0.0,0.0,0.0
92,5,5000.0,0.0,0.0,0.0
93,5,5263.1578947368425,0.0,0.0,0.0
94,5,5555.555555555556,0.0,0.0,0.0
95,5,5882.352941176471,0.0,0.0,0.0
96,5,6250.0,0.0,0.0,0.0
97,5,6666.666666666667,0.0,0.0,0.0
98,5,7142.857142857143,0.0,0.0,0.0
99,5,7692.307692307692,0.0,0.0,0.0
100,5,8333.333333333334,0.0,0.0,0.0
101,5,9090.90909090909,0.0,0.0,0.0
102,5,10000.0,0.0,0.0,0.0
103,5,11111.111111111111,0.0,0.0,0.0
104,5,12500.0,0.0,0.0,0.0
105,5,14285.714285714286,0.0,0.0,0.0
106,5,16666.666666666668,0.0,0.0,0.0
107,5,20000.0,0.0,0.0,0.0
108,5,25000.0,0.0,0.0,0.0
109,5,33333.333333333336,0.0,0.0,0.0
110,6,4166.666666666667,0.0,0.0,0.0
111,6,4347.826086956522,0.0,0.0,0.0
112,6,4545.454545454545,0.0,0.0,0.0
113,6,4761.9047619047615,0.0,0.0,0.0
114,6,5000.0,0.0,0.0,0.0
115,6,5263.1578947368425,0.0,0.0,0.0
116,6,5555.555555555556,0.0,0.0,0.0
117,6,5882.352941176471,0.0,0.0,0.0
118,6,6250.0,0.0,0.0,0.0
119,6,6666.666666666667,0.0,0.0,0.0
120,6,7142.857142857143,0.0,0.0,0.0
121,6,7692.307692307692,0.0,0.0,0.0
122,6,8333.333333333334,0.0,0.0,0.0
123,6,9090.90909090909,0.0,0.0,0.0
124,6,10000.0,0.0,0.0,0.0
125,6,11111.111111111111,0.0,0.0,0.0
126,6,12500.0,0.0,0.0,0.0
127,6,14285.714285714286,0.0,0.0,0.0
128,6,16666.666666666668,0.0,0.0,0.0
129,6,20000.0,0.0,0.0,0.0
130,6,25000.0,0.0,0.0,0.0
131,6,33333.333333333336,0.0,0.0,0.0
132,7,4166.666666666667,0.0,0.0,0.0
133,7,4347.826086956522,0.0,0.0,0.0
134,7,4545.454545454545,0.0,0.0,0.0
135,7,4761.9047619047615,0.0,0.0,0.0
136,7,5000.0,0.0,0.0,0.0
137,7,5263.1578947368425,0.0,0.0,0.0
138,7,5555.555555555556,0.0,0.0,0.0
139,7,5882.352941176471,0.0,0.0,0.0
140,7,6250.0,0.0,0.0,0.0
141,7,6666.666666666667,0.0,0.0,0.0
142,7,7142.857142857143,0.0,0.0,0.0
143,7,7692.307692307692,0.0,0.0,0.0
144,7,8333.333333333334,0.0,0.0,0.0
145,7,9090.90909090909,0.0,0.0,0.0
146,7,10000.0,0.0,0.0,0.0
147,7,11111.111111111111,0.0,0.0,0.0
148,7,12500.0,0.0,0.0,0.0
149,7,14285.714285714286,0.0,0.0,0.0
150,7,16666.666666666668,0.0,0.0,0.0
151,7,20000.0,0.0,0.0,0.0
152,7,25000.0,0.0,0.0,0.0
153,7,33333.333333333336,0.0,0.0,0.0
154,8,4166.666666666667,0.0,0.0,0.0
155,8,4347.826086956522,0.0,0.0,0.0
156,8,4545.454545454545,0.0,0.0,0.0
157,8,4761.9047619047615,0.0,0.0,0.0
158,8,5000.0,0.0,0.0,0.0
159,8,5263.1578947368425,0.0,0.0,0.0
160,8,5555.555555555556,0.0,0.0,0.0
161,8,5882.352941176471,0.0,0.0,0.0
162,8,6250.0,0.0,0.0,0.0
163,8,6666.666666666667,0.0,0.0,0.0
164,8,7142.857142857143,0.0,0.0,0.0
165,8,7692.307692307692,0.0,0.0,0.0
166,8,8333.333333333334,0.0,0.0,0.0
167,8,9090.90909090909,0.0,0.0,0.0
168,8,10000.0,0.0,0.0,0.0
169,8,11111.111111111111,0.0,0.0,0.0
170,8,12500.0,0.0,0.0,0.0
171,8,14285.714285714286,0.0,0.0,0.0
172,8,16666.666666666668,0.0,0.0,0.0
173,8,20000.0,0.0,0.0,0.0
174,8,25000.0,0.0,0.0,0.0
175,8,33333.333333333336,0.0,0.0,0.0
176,9,4166.666666666667,0.0,0.0,0.0
177,9,4347.826086956522,0.0,0.0,0.0
178,9,4545.454545454545,0.0,0.0,0.0
179,9,4761.9047619047615,0.0,0.0,0.0
180,9,5000.0,0.0,0.0,0.0
181,9,5263.1578947368425,0.0,0.0,0.0
182,9,5555.555555555556,0.0,0.0,0.0
183,9,5882.352941176471,0.0,0.0,0.0
184,9,6250.0,0.0,0.0,0.0
185,9,6666.666666666667,0.0,0.0,0.0
186,9,7142.857142857143,0.0,0.0,0.0
187,9,7692.307692307692,0.0,0.0,0.0
188,9,8333.333333333334,0.0,0.0,0.0
189,9,9090.90909090909,0.0,0.0,0.0
190,9,10000.0,0.0,0.0,0.0
191,9,11111.111111111111,0.0,0.0,0.0
192,9,12500.0,0.0,0.0,0.0
193,9,14285.714285714286,0.0,0.0,0.0
194,9,16666.666666666668,0.0,0.0,0.0
195,9,20000.0,0.0,0.0,0.0
196,9,25000.0,0.0,0.0,0.0
197,9,33333.333333333336,0.0,0.0,0.0
198,10,4166.666666666667,0.0,0.0,0.0
199,10,4347.826086956522,0.0,0.0,0.0
200,10,4545.454545454545,0.0,0.0,0.0
201,10,4761.9047619047615,0.0,0.0,0.0
202,10,5000.0,0.0,0.0,0.0
203,10,5263.1578947368425,0.0,0.0,0.0
204,10,5555.555555555556,0.0,0.0,0.0
205,10,5882.352941176471,0.0,0.0,0.0
206,10,6250.0,0.0,0.0,0.0
207,10,6666.666666666667,0.0,0.0,0.0
208,10,7142.857142857143,0.0,0.0,0.0
209,10,7692.307692307692,0.0,0.0,0.0
210,10,8333.333333333334,0.0,0.0,0.0
211,10,9090.90909090909,0.0,0.0,0.0
212,10,10000.0,0.0,0.0,0.0
213,10,11111.111111111111,0.0,0.0,0.0
214,10,12500.0,0.0,0.0,0.0
215,10,14285.714285714286,0.0,0.0,0.0
216,10,16666.666666666668,0.0,0.0,0.0
217,10,20000.0,0.0,0.0,0.0
218,10,25000.0,0.0,0.0,0.0
219,10,33333.333333333336,0.0,0.0,0.0
220,11,4166.666666666667,0.0,0.0,0.0
221,11,4347.826086956522,0.0,0.0,0.0
222,11,4545.454545454545,0.0,0.0,0.0
223,11,4761.9047619047615,0.0,0.0,0.0
224,11,5000.0,0.0,0.0,0.0
225,11,5263.1578947368425,0.0,0.0,0.0
226,11,5555.555555555556,0.0,0.0,0.0
227,11,5882.352941176471,0.0,0.0,0.0
228,11,6250.0,0.0,0.0,0.0
229,11,6666.666666666667,0.0,0.0,0.0
230,11,7142.857142857143,0.0,0.0,0.0
231,11,7692.307692307692,0.0,0.0,0.0
232,11,8333.333333333334,0.0,0.0,0.0
233,11,9090.90909090909,0.0,0.0,0.0
234,11,10000.0,0.0,0.0,0.0
235,11,11111.111111111111,0.0,0.0,0.0
236,11,12500.0,0.0,0.0,0.0
237,11,14285.714285714286,0.0,0.0,0.0
238,11,16666.666666666668,0.0,0.0,0.0
239,11,20000.0,0.0,0.0,0.0
240,11,25000.0,0.0,0.0,0.0
241,11,33333.333333333336,0.0,0.0,0.0
242,12,4166.666666666667,0.0,0.0,0.0
243,12,4347.826086956522,0.0,0.0,0.0
244,12,4545.454545454545,0.0,0.0,0.0
245,12,4761.9047619047615,0.0,0.0,0.0
246,12,5000.0,0.0,0.0,0.0
247,12,5263.1578947368425,0.0,0.0,0.0
248,12,5555.555555555556,0.0,0.0,0.0
249,12,5882.352941176471,0.0,0.0,0.0
250,12,6250.0,0.0,0.0,0.0
251,12,6666.666666666667,0.0,0.0,0.0
252,12,7142.857142857143,0.0,0.0,0.0
253,12,7692.307692307692,0.0,0.0,0.0
254,12,8333.333333333334,0.0,0.0,0.0
255,12,9090.90909090909,0.0,0.0,0.0
256,12,10000.0,0.0,0.0,0.0
257,12,11111.111111111111,0.0,0.0,0.0
258,12,12500.0,0.0,0.0,0.0
259,12,14285.714285714286,0.0,0.0,0.0
260,12,16666.666666666668,0.0,0.0,0.0
261,12,20000.0,0.0,0.0,0.0
262,12,25000.0,0.0,0.0,0.0
263,12,33333.333333333336,0.0,0.0,0.0
264,13,4166.666666666667,0.0,0.0,0.0
265,13,4347.826086956522,0.0,0.0,0.0
266,13,4545.454545454545,0.0,0.0,0.0
267,13,4761.9047619047615,0.0,0.0,0.0
268,13,5000.0,0.0,0.0,0.0
269,13,5263.1578947368425,0.0,0.0,0.0
270,13,5555.555555555556,0.0,0.0,0.0
271,13,5882.352941176471,0.0,0.0,0.0
272,13,6250.0,0.0,0.0,0.0
273,13,6666.666666666667,0.0,0.0,0.0
274,13,7142.857142857143,0.0,0.0,0.0
275,13,7692.307692307692,0.0,0.0,0.0
276,13,8333.333333333334,0.0,0.0,0.0
277,13,9090.90909090909,0.0,0.0,0.0
278,13,10000.0,0.0,0.0,0.0
279,13,11111.111111111111,0.0,0.0,0.0
280,13,12500.0,0.0,0.0,0.0
281,13,14285.714285714286,0.0,0.0,0.0
282,13,16666.666666666668,0.0,0.0,0.0
283,13,20000.0,0.0,0.0,0.0
284,13,25000.0,0.0,0.0,0.0
285,13,33333.333333333336,0.0,0.0,0.0
286,14,4166.666666666667,0.0,0.0,0.0
287,14,4347.826086956522,0.0,0.0,0.0
288,14,4545.454545454545,0.0,0.0,0.0
289,14,4761.9047619047615,0.0,0.0,0.0
290,14,5000.0,0.0,0.0,0.0
291,14,5263.1578947368425,0.0,0.0,0.0
292,14,5555.555555555556,0.0,0.0,0.0
293,14,5882.352941176471,0.0,0.0,0.0
294,14,6250.0,0.0,0.0,0.0
295,14,6666.666666666667,0.0,0.0,0.0
296,14,7142.857142857143,0.0,0.0,0.0
297,14,7692.307692307692,0.0,0.0,0.0
298,14,8333.333333333334,0.0,0.0,0.0
299,14,9090.90909090909,0.0,0.0,0.0
300,14,10000.0,0.0,0.0,0.0
301,14,11111.111111111111,0.0,0.0,0.0
302,14,12500.0,0.0,0.0,0.0
303,14,14285.714285714286,0.0,0.0,0.0
304,14,16666.666666666668,0.0,0.0,0.0
305,14,20000.0,0.0,0.0,0.0
306,14,25000.0,0.0,0.0,0.0
307,14,33333.333333333336,0.0,0.0,0.0
308,15,4166.666666666667,0.0,0.0,0.0
309,15,4347.826086956522,0.0,0.0,0.0
310,15,4545.454545454545,0.0,0.0,0.0
311,15,4761.9047619047615,0.0,0.0,0.0
312,15,5000.0,0.0,0.0,0.0
313,15,5263.1578947368425,0.0,0.0,0.0
314,15,5555.555555555556,0.0,0.0,0.0
315,15,5882.352941176471,0.0,0.0,0.0
316,15,6250.0,0.0,0.0,0.0
317,15,6666.666666666667,0.0,0.0,0.0
318,15,7142.857142857143,0.0,0.0,0.0
319,15,7692.307692307692,0.0,0.0,0.0
320,15,8333.333333333334,0.0,0.0,0.0
321,15,9090.90909090909,0.0,0.0,0.0
322,15,10000.0,0.0,0.0,0.0
323,15,11111.111111111111,0.0,0.0,0.0
324,15,12500.0,0.0,0.0,0.0
325,15,14285.714285714286,0.0,0.0,0.0
326,15,16666.666666666668,0.0,0.0,0.0
327,15,20000.0,0.0,0.0,0.0
328,15,25000.0,0.0,0.0,0.0
329,15,33333.333333333336,0.0,0.0,0.0
330,16,4166.666666666667,0.0,0.0,0.0
331,16,4347.826086956522,0.0,0.0,0.0
332,16,4545.454545454545,0.0,0.0,0.0
333,16,4761.9047619047615,0.0,0.0,0.0
334,16,5000.0,0.0,0.0,0.0
335,16,5263.1578947368425,0.0,0.0,0.0
336,16,5555.555555555556,0.0,0.0,0.0
337,16,5882.352941176471,0.0,0.0,0.0
338,16,6250.0,0.0,0.0,0.0
339,16,6666.666666666667,0.0,0.0,0.0
340,16,7142.857142857143,0.0,0.0,0.0
341,16,7692.307692307692,0.0,0.0,0.0
342,16,8333.333333333334,0.0,0.0,0.0
343,16,9090.90909090909,0.0,0.0,0.0
344,16,10000.0,0.0,0.0,0.0
345,16,11111.111111111111,0.0,0.0,0.0
346,16,12500.0,0.0,0.0,0.0
347,16,14285.714285714286,0.0,0.0,0.0
348,16,16666.666666666668,0.0,0.0,0.0
349,16,20000.0,0.0,0.0,0.0
350,16,25000.0,0.0,0.0,0.0
351,16,33333.333333333336,0.0,0.0,0.0
352,17,4166.666666666667,0.0,0.0,0.0
353,17,4347.826086956522,0.0,0.0,0.0
354,17,4545.454545454545,0.0,0.0,0.0
355,17,4761.9047619047615,0.0,0.0,0.0
356,17,5000.0,0.0,0.0,0.0
357,17,5263.1578947368425,0.0,0.0,0.0
358,17,5555.555555555556,0.0,0.0,0.0
359,17,5882.352941176471,0.0,0.0,0.0
360,17,6250.0,0.0,0.0,0.0
361,17,6666.666666666667,0.0,0.0,0.0
362,17,7142.857142857143,0.0,0.0,0.0
363,17,7692.307692307692,0.0,0.0,0.0
364,17,8333.333333333334,0.0,0.0,0.0
365,17,9090.90909090909,0.0,0.0,0.0
366,17,10000.0,0.0,0.0,0.0
367,17,11111.111111111111,0.0,0.0,0.0
368,17,12500.0,0.0,0.0,0.0
369,17,14285.714285714286,0.0,0.0,0.0
370,17,16666.666666666668,0.0,0.0,0.0
371,17,20000.0,0.0,0.0,0.0
372,17,25000.0,0.0,0.0,0.0
373,17,33333.333333333336,0.0,0.0,0.0
374,18,4166.666666666667,0.0,0.0,0.0
375,18,4347.826086956522,0.0,0.0,0.0
376,18,4545.454545454545,0.0,0.0,0.0
377,18,4761.9047619047615,0.0,0.0,0.0
378,18,5000.0,0.0,0.0,0.0
379,18,5263.1578947368425,0.0,0.0,0.0
380,18,5555.555555555556,0.0,0.0,0.0
381,18,5882.352941176471,0.0,0.0,0.0
382,18,6250.0,0.0,0.0,0.0
383,18,6666.666666666667,0.0,0.0,0.0
384,18,7142.857142857143,0.0,0.0,0.0
385,18,7692.307692307692,0.0,0.0,0.0
386,18,8333.333333333334,0.0,0.0,0.0
387,18,9090.90909090909,0.0,0.0,0.0
388,18,10000.0,0.0,0.0,0.0
389,18,11111.111111111111,0.0,0.0,0.0
390,18,12500.0,0.0,0.0,0.0
391,18,14285.714285714286,0.0,0.0,0.0
392,18,16666.666666666668,0.0,0.0,0.0
393,18,20000.0,0.0,0.0,0.0
394,18,25000.0,0.0,0.0,0.0
395,18,33333.333333333336,0.0,0.0,0.0
396,19,4166.666666666667,0.0,0.0,0.0
397,19,4347.826086956522,0.0,0.0,0.0
398,19,4545.454545454545,0.0,0.0,0.0
399,19,4761.9047619047615,0.0,0.0,0.0
400,19,5000.0,0.0,0.0,0.0
401,19,5263.1578947368425,0.0,0.0,0.0
402,19,5555.555555555556,0.0,0.0,0.0
403,19,5882.352941176471,0.0,0.0,0.0
404,19,6250.0,0.0,0.0,0.0
405,19,6666.666666666667,0.0,0.0,0.0
406,19,7142.857142857143,0.0,0.0,0.0
407,19,7692.307692307692,0.0,0.0,0.0
408,19,8333.333333333334,0.0,0.0,0.0
409,19,9090.90909090909,0.0,0.0,0.0
410,19,10000.0,0.0,0.0,0.0
411,19,11111.111111111111,0.0,0.0,0.0
412,19,12500.0,0.0,0.0,0.0
413,19,14285.714285714286,0.0,0.0,0.0
414,19,16666.666666666668,0.0,0.0,0.0
415,19,20000.0,0.0,0.0,0.0
416,19,25000.0,0.0,0.0,0.0
417,19,33333.333333333336,0.0,0.0,0.0
418,20,4166.666666666667,0.0,0.0,0.0
419,20,4347.826086956522,0.0,0.0,0.0
420,20,4545.454545454545,0.0,0.0,0.0
421,20,4761.9047619047615,0.0,0.0,0.0
422,20,5000.0,0.0,0.0,0.0
423,20,5263.1578947368425,0.0,0.0,0.0
424,20,5555.555555555556,0.0,0.0,0.0
425,20,5882.352941176471,0.0,0.0,0.0
426,20,6250.0,0.0,0.0,0.0
427,20,6666.666666666667,0.0,0.0,0.0
428,20,7142.857142857143,0.0,0.0,0.0
429,20,7692.307692307692,0.0,0.0,0.0
430,20,8333.333333333334,0.0,0.0,0.0
431,20,9090.90909090909,0.0,0.0,0.0
432,20,10000.0,0.0,0.0,0.0
433,20,11111.111111111111,0.0,0.0,0.0
434,20,12500.0,0.0,0.0,0.0
435,20,14285.714285714286,0.0,0.0,0.0
436,20,16666.666666666668,0.0,0.0,0.0
437,20,20000.0,0.0,0.0,0.0
438,20,25000.0,0.0,0.0,0.0
439,20,33333.333333333336,0.0,0.0,0.0
440,21,4166.666666666667,0.0,0.0,0.0
441,21,4347.826086956522,0.0,0.0,0.0
442,21,4545.454545454545,0.0,0.0,0.0
443,21,4761.9047619047615,0.0,0.0,0.0
444,21,5000.0,0.0,0.0,0.0
445,21,5263.1578947368425,0.0,0.0,0.0
446,21,5555.555555555556,0.0,0.0,0.0
447,21,5882.352941176471,0.0,0.0,0.0
448,21,6250.0,0.0,0.0,0.0
449,21,6666.666666666667,0.0,0.0,0.0
450,21,7142.857142857143,0.0,0.0,0.0
451,21,7692.307692307692,0.0,0.0,0.0
452,21,8333.333333333334,0.0,0.0,0.0
453,21,9090.90909090909,0.0,0.0,0.0
454,21,10000.0,0.0,0.0,0.0
455,21,11111.111111111111,0.0,0.0,0.0
456,21,12500.0,0.0,0.0,0.0
457,21,14285.714285714286,0.0,0.0,0.0
458,21,16666.666666666668,0.0,0.0,0.0
459,21,20000.0,0.0,0.0,0.0
460,21,25000.0,0.0,0.0,0.0
461,21,33333.333333333336,0.0,0.0,0.0
462,22,4166.666666666667,0.0,0.0,0.0
463,22,4347.826086956522,0.0,0.0,0.0
464,22,4545.454545454545,0.0,0.0,0.0
465,22,4761.9047619047615,0.0,0.0,0.0
466,22,5000.0,0.0,0.0,0.0
467,22,5263.1578947368425,0.0,0.0,0.0
468,22,5555.555555555556,0.0,0.0,0.0
469,22,5882.352941176471,0.0,0.0,0.0
470,22,6250.0,0.0,0.0,0.0
471,22,6666.666666666667,0.0,0.0,0.0
472,22,7142.857142857143,0.0,0.0,0.0
473,22,7692.307692307692,0.0,0.0,0.0
474,22,8333.333333333334,0.0,0.0,0.0
475,22,9090.90909090909,0.0,0.0,0.0
476,22,10000.0,0.0,0.0,0.0
477,22,11111.111111111111,0.0,0.0,0.0
478,22,12500.0,0.0,0.0,0.0
479,22,14285.714285714286,0.0,0.0,0.0
480,22,16666.666666666668,0.0,0.0,0.0
481,22,20000.0,0.0,0.0,0.0
482,22,25000.0,0.0,0.0,0.0
483,22,33333.333333333336,0.0,0.0,0.0
484,23,4166.666666666667,0.0,0.0,0.0
485,23,4347.826086956522,0.0,0.0,0.0
486,23,4545.454545454545,0.0,0.0,0.0
487,23,4761.9047619047615,0.0,0.0,0.0
488,23,5000.0,0.0,0.0,0.0
489,23,5263.1578947368425,0.0,0.0,0.0
490,23,5555.555555555556,0.0,0.0,0.0
491,23,5882.352941176471,0.0,0.0,0.0
492,23,6250.0,0.0,0.0,0.0
493,23,6666.666666666667,0.0,0.0,0.0
494,23,7142.857142857143,0.0,0.0,0.0
495,23,7692.307692307692,0.0,0.0,0.0
496,23,8333.333333333334,0.0,0.0,0.0
497,23,9090.90909090909,0.0,0.0,0.0
498,23,10000.0,0.0,0.0,0.0
499,23,11111.111111111111,0.0,0.0,0.0
500,23,12500.0,0.0,0.0,0.0
501,23,14285.714285714286,0.0,0.0,0.0
502,23,16666.666666666668,0.0,0.0,0.0
503,23,20000.0,0.0,0.0,0.0
504,23,25000.0,0.0,0.0,0.0
505,23,33333.333333333336,0.0,0.0,0.0
506,24,4166.666666666667,0.0,0.0,0.0
507,24,4347.826086956522,0.0,0.0,0.0
508,24,4545.454545454545,0.0,0.0,0.0
509,24,4761.9047619047615,0.0,0.0,0.0
510,24,5000.0,0.0,0.0,0.0
511,24,5263.1578947368425,0.0,0.0,0.0
512,24,5555.555555555556,0.0,0.0,0.0
513,24,5882.352941176471,0.0,0.0,0.0
514,24,6250.0,0.0,0.0,0.0
515,24,6666.666666666667,0.0,0.0,0.0
516,24,7142.857142857143,0.0,0.0,0.0
517,24,7692.307692307692,0.0,0.0,0.0
518,24,8333.333333333334,0.0,0.0,0.0
519,24,9090.90909090909,0.0,0.0,0.0
520,24,10000.0,0.0,0.0,0.0
521,24,11111.111111111111,0.0,0.0,0.0
522,24,12500.0,0.0,0.0,0.0
523,24,14285.714285714286,0.0,0.0,0.0
524,24,16666.666666666668,0.0,0.0,0.0
525,24,20000.0,0.0,0.0,0.0
526,24,25000.0,0.0,0.0,0.0
527,24,33333.333333333336,0.0,0.0,0.0
528,25,4166.666666666667,0.0,0.0,0.0
529,25,4347.826086956522,0.0,0.0,0.0
530,25,4545.454545454545,0.0,0.0,0.0
531,25,4761.9047619047615,0.0,0.0,0.0
532,25,5000.0,0.0,0.0,0.0
533,25,5263.1578947368425,0.0,0.0,0.0
534,25,5555.555555555556,0.0,0.0,0.0
535,25,5882.352941176471,0.0,0.0,0.0
536,25,6250.0,0.0,0.0,0.0
537,25,6666.666666666667,0.0,0.0,0.0
538,25,7142.857142857143,0.0,0.0,0.0
539,25,7692.307692307692,0.0,0.0,0.0
540,25,8333.333333333334,0.0,0.0,0.0
541,25,9090.90909090909,0.0,0.0,0.0
542,25,10000.0,0.0,0.0,0.0
543,25,11111.111111111111,0.0,0.0,0.0
544,25,12500.0,0.0,0.0,0.0
545,25,14285.714285714286,0.0,0.0,0.0
546,25,16666.666666666668,0.0,0.0,0.0
547,25,20000.0,0.0,0.0,0.0
548,25,25000.0,0.0,0.0,0.0
549,25,33333.333333333336,0.0,0.0,0.0
550,26,4166.666666666667,0.0,0.0,0.0
551,26,4347.826086956522,0.0,0.0,0.0
552,26,4545.454545454545,0.0,0.0,0.0
553,26,4761.9047619047615,0.0,0.0,0.0
554,26,5000.0,0.0,0.0,0.0
555,26,5263.1578947368425,0.0,0.0,0.0
556,26,5555.555555555556,0.0,0.0,0.0
557,26,5882.352941176471,0.0,0.0,0.0
558,26,6250.0,0.0,0.0,0.0
559,26,6666.666666666667,0.0,0.0,0.0
560,26,7142.857142857143,0.0,0.0,0.0
561,26,7692.307692307692,0.0,0.0,0.0
562,26,8333.333333333334,0.0,0.0,0.0
563,26,9090.90909090909,0.0,0.0,0.0
564,26,10000.0,0.0,0.0,0.0
565,26,11111.111111111111,0.0,0.0,0.0
566,26,12500.0,0.0,0.0,0.0
567,26,14285.714285714286,0.0,0.0,0.0
568,26,16666.666666666668,0.0,0.0,0.0
569,26,20000.0,0.0,0.0,0.0
570,26,25000.0,0.0,0.0,0.0
571,26,33333.333333333336,0.0,0.0,0.0
572,27,4166.666666666667,0.0,0.0,0.0
573,27,4347.826086956522,0.0,0.0,0.0
574,27,4545.454545454545,0.0,0.0,0.0
575,27,4761.9047619047615,0.0,0.0,0.0
576,27,5000.0,0.0,0.0,0.0
577,27,5263.1578947368425,0.0,0.0,0.0
578,27,5555.555555555556,0.0,0.0,0.0
579,27,5882.352941176471,0.0,0.0,0.0
580,27,6250.0,0.0,0.0,0.0
581,27,6666.666666666667,0.0,0.0,0.0
582,27,7142.857142857143,0.0,0.0,0.0
583,27,7692.307692307692,0.0,0.0,0.0
584,27,8333.333333333334,0.0,0.0,0.0
585,27,9090.90909090909,0.0,0.0,0.0
586,27,10000.0,0.0,0.0,0.0
587,27,11111.111111111111,0.0,0.0,0.0
588,27,12500.0,0.0,0.0,0.0
589,27,14285.714285714286,0.0,0.0,0.0
590,27,16666.666666666668,0.0,0.0,0.0
591,27,20000.0,0.0,0.0,0.0
592,27,25000.0,0.0,0.0,0.0
593,27,33333.333333333336,0.0,0.0,0.0
594,28,4166.666666666667,0.0,0.0,0.0
595,28,4347.826086956522,0.0,0.0,0.0
596,28,4545.454545454545,0.0,0.0,0.0
597,28,4761.9047619047615,0.0,0.0,0.0
598,28,5000.0,0.0,0.0,0.0
599,28,5263.1578947368425,0.0,0.0,0.0
600,28,5555.555555555556,0.0,0.0,0.0
601,28,5882.352941176471,0.0,0.0,0.0
602,28,6250.0,0.0,0.0,0.0
603,28,6666.666666666667,0.0,0.0,0.0
604,28,7142.857142857143,0.0,0.0,0.0
605,28,7692.307692307692,0.0,0.0,0.0
606,28,8333.333333333334,0.0,0.0,0.0
607,28,9090.90909090909,0.0,0.0,0.0
608,28,10000.0,0.0,0.0,0.0
609,28,11111.111111111111,0.0,0.0,0.0
610,28,12500.0,0.0,0.0,0.0
611,28,14285.714285714286,0.0,0.0,0.0
612,28,16666.666666666668,0.0,0.0,0.0
613,28,20000.0,0.0,0.0,0.0
614,28,25000.0,0.0,0.0,0.0
615,28,33333.333333333336,0.0,0.0,0.0
616,29,4166.666666666667,0.0,0.0,0.0
617,29,4347.826086956522,0.0,0.0,0.0
618,29,4545.454545454545,0.0,0.0,0.0
619,29,4761.9047619047615,0.0,0.0,0.0
620,29,5000.0,0.0,0.0,0.0
621,29,5263.1578947368425,0.0,0.0,0.0
622,29,5555.555555555556,0.0,0.0,0.0
623,29,5882.352941176471,0.0,0.0,0.0
624,29,6250.0,0.0,0.0,0.0
625,29,6666.666666666667,0.0,0.0,0.0
626,29,7142.857142857143,0.0,0.0,0.0
627,29,7692.307692307692,0.0,0.0,0.0
628,29,8333.333333333334,0.0,0.0,0.0
629,29,9090.90909090909,0.0,0.0,0.0
630,29,10000.0,0.0,0.0,0.0
631,29,11111.111111111111,0.0,0.0,0.0
632,29,12500.0,0.0,0.0,0.0
633,29,14285.714285714286,0.0,0.0,0.0
634,29,16666.666666666668,0.0,0.0,0.0
635,29,20000.0,0.0,0.0,0.0
636,29,25000.0,0.0,0.0,0.0
637,29,33333.333333333336,0.0,0.0,0.0
638,30,4166.666666666667,0.0,0.0,0.0
639,30,4347.826086956522,0.0,0.0,0.0
640,30,4545.454545454545,0.0,0.0,0.0
641,30,4761.9047619047615,0.0,0.0,0.0
642,30,5000.0,0.0,0.0,0.0
643,30,5263.1578947368425,0.0,0.0,0.0
644,30,5555.555555555556,0.0,0.0,0.0
645,30,5882.352941176471,0.0,0.0,0.0
646,30,6250.0,0.0,0.0,0.0
647,30,6666.666666666667,0.0,0.0,0.0
648,30,7142.857142857143,0.0,0.0,0.0
649,30,7692.307692307692,0.0,0.0,0.0
650,30,8333.333333333334,0.0,0.0,0.0
651,30,9090.90909090909,0.0,0.0,0.0
652,30,10000.0,0.0,0.0,0.0
653,30,11111.111111111111,0.0,0.0,0.0
654,30,12500.0,0.0,0.0,0.0
655,30,14285.714285714286,0.0,0.0,0.0
656,30,16666.666666666668,0.0,0.0,0.0
657,30,20000.0,0.0,0.0,0.0
658,30,25000.0,0.0,0.0,0.0
659,30,33333.333333333336,0.0,0.0,0.0
660,31,4166.666666666667,0.0,0.0,0.0
661,31,4347.826086956522,0.0,0.0,0.0
662,31,4545.454545454545,0.0,0.0,0.0
663,31,4761.9047619047615,0.0,0.0,0.0
664,31,5000.0,0.0,0.0,0.0
665,31,5263.1578947368425,0.0,0.0,0.0
666,31,5555.555555555556,0.0,0.0,0.0
667,31,5882.352941176471,0.0,0.0,0.0
668,31,6250.0,0.0,0.0,0.0
669,31,6666.666666666667,0.0,0.0,0.0
670,31,7142.857142857143,0.0,0.0,0.0
671,31,7692.307692307692,0.0,0.0,0.0
672,31,8333.333333333334,0.0,0.0,0.0
673,31,9090.90909090909,0.0,0.0,0.0
674,31,10000.0,0.0,0.0,0.0
675,31,11111.111111111111,0.0,0.0,0.0
676,31,12500.0,0.0,0.0,0.0
677,31,14285.714285714286,0.0,0.0,0.0
678,31,16666.666666666668,0.0,0.0,0.0
679,31,20000.0,0.0,0.0,0.0
680,31,25000.0,0.0,0.0,0.0
681,31,33333.333333333336,0.0,0.0,0.0
682,32,4166.666666666667,0.0,0.0,0.0
683,32,4347.826086956522,0.0,0.0,0.0
684,32,4545.454545454545,0.0,0.0,0.0
685,32,4761.9047619047615,0.0,0.0,0.0
686,32,5000.0,0.0,0.0,0.0
687,32,5263.1578947368425,0.0,0.0,0.0
688,32,5555.555555555556,0.0,0.0,0.0
689,32,5882.352941176471,0.0,0.0,0.0
690,32,6250.0,0.0,0.0,0.0
691,32,6666.666666666667,0.0,0.0,0.0
692,32,7142.857142857143,0.0,0.0,0.0
693,32,7692.307692307692,0.0,0.0,0.0
694,32,8333.333333333334,0.0,0.0,0.0
695,32,9090.90909090909,0.0,0.0,0.0
696,32,10000.0,0.0,0.0,0.0
697,32,11111.111111111111,0.0,0.0,0.0
698,32,12500.0,0.0,0.0,0.0
699,32,14285.714285714286,0.0,0.0,0.0
700,32,16666.666666666668,0.0,0.0,0.0
701,32,20000.0,0.0,0.0,0.0
702,32,25000.0,0.0,0.0,0.0
703,32,33333.333333333336,0.0,0.0,0.0
704,33,4166.666666666667,0.0,0.0,0.0
705,33,4347.826086956522,0.0,0.0,0.0
706,33,4545.454545454545,0.0,0.0,0.0
707,33,4761.9047619047615,0.0,0.0,0.0
708,33,5000.0,0.0,0.0,0.0
709,33,5263.1578947368425,0.0,0.0,0.0
710,33,5555.555555555556,0.0,0.0,0.0
711,33,5882.352941176471,0.0,0.0,0.0
712,33,6250.0,0.0,0.0,0.0
713,33,6666.666666666667,0.0,0.0,0.0
714,33,7142.857142857143,0.0,0.0,0.0
715,33,7692.307692307692,0.0,0.0,0.0
716,33,8333.333333333334,0.0,0.0,0.0
717,33,9090.90909090909,0.0,0.0,0.0
718,33,10000.0,0.0,0.0,0.0
719,33,11111.111111111111,0.0,0.0,0.0
720,33,12500.0,0.0,0.0,0.0
721,33,14285.714285714286,0.0,0.0,0.0
722,33,16666.666666666668,0.0,0.0,0.0
723,33,20000.0,0.0,0.0,0.0
724,33,25000.0,0.0,0.0,0.0
725,33,33333.333333333336,0.0,0.0,0.0
726,34,4166.666666666667,0.0,0.0,0.0
727,34,4347.826086956522,0.0,0.0,0.0
728,34,4545.454545454545,0.0,0.0,0.0
729,34,4761.9047619047615,0.0,0.0,0.0
730,34,5000.0,0.0,0.0,0.0
731,34,5263.1578947368425,0.0,0.0,0.0
732,34,5555.555555555556,0.0,0.0,0.0
733,34,5882.352941176471,0.0,0.0,0.0
734,34,6250.0,0.0,0.0,0.0
735,34,6666.666666666667,0.0,0.0,0.0
736,34,7142.857142857143,0.0,0.0,0.0
737,34,7692.307692307692,0.0,0.0,0.0
738,34,8333.333333333334,0.0,0.0,0.0
739,34,9090.90909090909,0.0,0.0,0.0
740,34,10000.0,0.0,0.0,0.0
741,34,11111.111111111111,0.0,0.0,0.0
742,34,12500.0,0.0,0.0,0.0
743,34,14285.714285714286,0.0,0.0,0.0
744,34,16666.666666666668,0.0,0.0,0.0
745,34,20000.0,0.0,0.0,0.0
746,34,25000.0,0.0,0.0,0.0
747,34,33333.333333333336,0.0,0.0,0.0
748,35,4166.666666666667,0.0,0.0,0.0
749,35,4347.826086956522,0.0,0.0,0.0
750,35,4545.454545454545,0.0,0.0,0.0
751,35,4761.9047619047615,0.0,0.0,0.0
752,35,5000.0,0.0,0.0,0.0
753,35,5263.1578947368425,0.0,0.0,0.0
754,35,5555.555555555556,0.0,0.0,0.0
755,35,5882.352941176471,0.0,0.0,0.0
756,35,6250.0,0.0,0.0,0.0
757,35,6666.666666666667,0.0,0.0,0.0
758,35,7142.857142857143,0.0,0.0,0.0
759,35,7692.307692307692,0.0,0.0,0.0
760,35,8333.333333333334,0.0,0.0,0.0
761,35,9090.90909090909,0.0,0.0,0.0
762,35,10000.0,0.0,0.0,0.0
763,35,11111.111111111111,0.0,0.0,0.0
764,35,12500.0,0.0,0.0,0.0
765,35,14285.714285714286,0.0,0.0,0.0
766,35,16666.666666666668,0.0,0.0,0.0
767,35,20000.0,0.0,0.0,0.0
768,35,25000.0,0.0,0.0,0.0
769,35,33333.333333333336,0.0,0.0,0.0
770,36,4166.666666666667,0.0,0.0,0.0
771,36,4347.826086956522,0.0,0.0,0.0
772,36,4545.454545454545,0.0,0.0,0.0
773,36,4761.9047619047615,0.0,0.0,0.0
774,36,5000.0,0.0,0.0,0.0
775,36,5263.1578947368425,0.0,0.0,0.0
776,36,5555.555555555556,0.0,0.0,0.0
777,36,5882.352941176471,0.0,0.0,0.0
778,36,6250.0,0.0,0.0,0.0
779,36,6666.666666666667,0.0,0.0,0.0
780,36,7142.857142857143,0.0,0.0,0.0
781,36,7692.307692307692,0.0,0.0,0.0
782,36,8333.333333333334,0.0,0.0,0.0
783,36,9090.90909090909,0.0,0.0,0.0
784,36,10000.0,0.0,0.0,0.0
785,36,11111.111111111111,0.0,0.0,0.0
786,36,12500.0,0.0,0.0,0.0
787,36,14285.714285714286,0.0,0.0,0.0
788,36,16666.666666666668,0.0,0.0,0.0
789,36,20000.0,0.0,0.0,0.0
790,36,25000.0,0.0,0.0,0.0
791,36,33333.333333333336,0.0,0.0,0.0
792,37,4166.666666666667,0.0,0.0,0.0
793,37,4347.826086956522,0.0,0.0,0.0
794,37,4545.454545454545,0.0,0.0,0.0
795,37,4761.9047619047615,0.0,0.0,0.0
796,37,5000.0,0.0,0.0,0.0
797,37,5263.1578947368425,0.0,0.0,0.0
798,37,5555.555555555556,0.0,0.0,0.0
799,37,5882.352941176471,0.0,0.0,0.0
800,37,6250.0,0.0,0.0,0.0
801,37,6666.666666666667,0.0,0.0,0.0
802,37,7142.857142857143,0.0,0.0,0.0
803,37,7692.307692307692,0.0,0.0,0.0
804,37,8333.333333333334,0.0,0.0,0.0
805,37,9090.90909090909,0.0,0.0,0.0
806,37,10000.0,0.0,0.0,0.0
807,37,11111.111111111111,0.0,0.0,0.0
808,37,12500.0,0.0,0.0,0.0
809,37,14285.714285714286,0.0,0.0,0.0
810,37,16666.666666666668,0.0,0.0,0.0
811,37,20000.0,0.0,0.0,0.0
812,37,25000.0,0.0,0.0,0.0
813,37,33333.333333333336,0.0,0.0,0.0
814,38,4166.666666666667,0.11461832639333724,0.22250375033452094,0.0039020792049554373
815,38,4347.826086956522,0.1476394731831203,0.22318015181238662,0.004319100235036898
816,38,4545.454545454545,0.25530705024800243,0.17838232626124875,0.004869495851274579
817,38,4761.9047619047615,1.1033226919051307,0.0674441299134301,0.005794745576282579
818,38,5000.0,160.33529985337822,0.0017076991398710171,0.0032715547724650753
819,38,5263.1578947368425,7.779755549974645,0.0019563827127709772,0.005281380545123795
820,38,5555.555555555556,4.491962811519435,0.012243379946397362,0.006513892632775598
821,38,5882.352941176471,49.06781142142869,0.0016378203865382633,0.00669509445992838
822,38,6250.0,51.10988853727751,0.0014014441582461436,0.007236575282781954
823,38,6666.666666666667,48.36876102294478,0.0012284616595877242,0.00800909103976916
824,38,7142.857142857143,2.288571220693534,0.019000448426853882,0.009660118637697964
825,38,7692.307692307692,0.5574584195823462,0.17572461964679154,0.011585890167528432
826,38,8333.333333333334,0.506357362154965,0.3260493199791315,0.013820331927647166
827,38,9090.90909090909,0.64492529290025,0.407683678301125,0.01661557895629971
828,38,10000.0,0.9727628759032173,0.43708577879800103,0.020285980299036645
829,38,11111.111111111111,11.066678104244842,0.05919411090846371,0.025031691554769177
830,38,12500.0,11.217219803556674,0.0886832431664801,0.031485872756566835
831,38,14285.714285714286,7.685541165710841,0.21634442721409441,0.04099514031737567
832,38,16666.666666666668,3.6834438957203828,0.856276540967879,0.05579217673424174
833,38,20000.0,8.324907288546033,0.8109636364919391,0.08052057420862184
834,38,25000.0,21.247142437494265,0.7638498100728957,0.12640547658863555
835,38,33333.333333333336,49.66539714119738,0.9141542799179784,0.22994099157069403
836,39,4166.666666666667,0.11461832639333724,0.22250375033452094,0.0039020792049554373
837,39,4347.826086956522,0.1476394731831203,0.22318015181238662,0.004319100235036898
838,39,4545.454545454545,0.25530705024800243,0.17838232626124875,0.004869495851274579
839,39,4761.9047619047615,1.1033226919051307,0.0674441299134301,0.005794745576282579
840,39,5000.0,160.33529985337822,0.0017076991398710171,0.0032715547724650753
841,39,5263.1578947368425,7.779755549974645,0.0019563827127709772,0.005281380545123795
842,39,5555.555555555556,4.491962811519435,0.012243379946397362,0.006513892632775598
843,39,5882.352941176471,49.06781142142869,0.0016378203865382633,0.00669509445992838
844,39,6250.0,51.10988853727751,0.0014014441582461436,0.007236575282781954
845,39,6666.666666666667,48.36876102294478,0.0012284616595877242,0.00800909103976916
846,39,7142.857142857143,2.288571220693534,0.019000448426853882,0.009660118637697964
847,39,7692.307692307692,0.5574584195823462,0.17572461964679154,0.011585890167528432
848,39,8333.333333333334,0.506357362154965,0.3260493199791315,0.013820331927647166
849,39,9090.90909090909,0.64492529290025,0.407683678301125,0.01661557895629971
850,39,10000.0,0.9727628759032173,0.43708577879800103,0.020285980299036645
851,39,11111.111111111111,11.066678104244842,0.05919411090846371,0.025031691554769177
852,39,12500.0,11.217219803556674,0.0886832431664801,0.031485872756566835
853,39,14285.714285714286,7.685541165710841,0.21634442721409441,0.04099514031737567
854,39,16666.666666666668,3.6834438957203828,0.856276540967879,0.05579217673424174
855,39,20000.0,8.324907288546033,0.8109636364919391,0.08052057420862184
856,39,25000.0,21.247142437494265,0.7638498100728957,0.12640547658863555
857,39,33333.333333333336,49.66539714119738,0.9141542799179784,0.22994099157069403
858,40,4166.666666666667,0.11461832639333724,0.22250375033452094,0.0039020792049554373
859,40,4347.826086956522,0.1476394731831203,0.22318015181238662,0.004319100235036898
860,40,4545.454545454545,0.25530705024800243,0.17838232626124875,0.004869495851274579
861,40,4761.9047619047615,1.1033226919051307,0.0674441299134301,0.005794745576282579
862,40,5000.0,160.33529985337822,0.0017076991398710171,0.0032715547724650753
863,40,5263.1578947368425,7.779755549974645,0.0019563827127709772,0.005281380545123795
864,40,5555.555555555556,4.491962811519435,0.012243379946397362,0.006513892632775598
865,40,5882.352941176471,49.06781142142869,0.0016378203865382633,0.00669509445992838
866,40,6250.0,51.10988853727751,0.0014014441582461436,0.007236575282781954
867,40,6666.666666666667,48.36876102294478,0.0012284616595877242,0.00800909103976916
868,40,7142.857142857143,2.288571220693534,0.019000448426853882,0.009660118637697964
869,40,7692.307692307692,0.5574584195823462,0.17572461964679154,0.011585890167528432
870,40,8333.333333333334,0.506357362154965,0.3260493199791315,0.013820331927647166
871,40,9090.90909090909,0.64492529290025,0.407683678301125,0.01661557895629971
872,40,10000.0,0.9727628759032173,0.43708577879800103,0.020285980299036645
873,40,11111.111111111111,11.066678104244842,0.05919411090846371,0.025031691554769177
874,40,12500.0,11.217219803556674,0.0886832431664801,0.031485872756566835
875,40,14285.714285714286,7.685541165710841,0.21634442721409441,0.04099514031737567
876,40,16666.666666666668,3.6834438957203828,0.856276540967879,0.05579217673424174
877,40,20000.0,8.324907288546033,0.8109636364919391,0.08052057420862184
878,40,25000.0,21.247142437494265,0.7638498100728957,0.12640547658863555
879,40,33333.333333333336,49.66539714119738,0.9141542799179784,0.22994099157069403
880,41,4166.666666666667,0.11461832639333724,0.22250375033452094,0.0039020792049554373
881,41,4347.826086956522,0.1476394731831203,0.22318015181238662,0.004319100235036898
882,41,4545.454545454545,0.25530705024800243,0.17838232626124875,0.004869495851274579
883,41,4761.9047619047615,1.1033226919051307,0.0674441299134301,0.005794745576282579
884,41,5000.0,160.33529985337822,0.0017076991398710171,0.0032715547724650753
885,41,5263.1578947368425,7.779755549974645,0.0019563827127709772,0.005281380545123795
886,41,5555.555555555556,4.491962811519435,0.012243379946397362,0.006513892632775598
887,41,5882.352941176471,49.06781142142869,0.0016378203865382633,0.00669509445992838
888,41,6250.0,51.10988853727751,0.0014014441582461436,0.007236575282781954
889,41,6666.666666666667,48.36876102294478,0.0012284616595877242,0.00800909103976916
890,41,7142.857142857143,2.288571220693534,0.019000448426853882,0.009660118637697964
891,41,7692.307692307692,0.5574584195823462,0.17572461964679154,0.011585890167528432
892,41,8333.333333333334,0.506357362154965,0.3260493199791315,0.013820331927647166
893,41,9090.90909090909,0.64492529290025,0.407683678301125,0.01661557895629971
894,41,10000.0,0.9727628759032173,0.43708577879800103,0.020285980299036645
895,41,11111.111111111111,11.066678104244842,0.05919411090846371,0.025031691554769177
896,41,12500.0,11.217219803556674,0.0886832431664801,0.031485872756566835
897,41,14285.714285714286,7.685541165710841,0.21634442721409441,0.04099514031737567
898,41,16666.666666666668,3.6834438957203828,0.856276540967879,0.05579217673424174
899,41,20000.0,8.324907288546033,0.8109636364919391,0.08052057420862184
900,41,25000.0,21.247142437494265,0.7638498100728957,0.12640547658863555
901,41,33333.333333333336,49.66539714119738,0.9141542799179784,0.22994099157069403
902,42,4166.666666666667,0.11461832639333724,0.22250375033452094,0.0039020792049554373
903,42,4347.826086956522,0.1476394731831203,0.22318015181238662,0.004319100235036898
904,42,4545.454545454545,0.25530705024800243,0.17838232626124875,0.004869495851274579
905,42,4761.9047619047615,1.1033226919051307,0.0674441299134301,0.005794745576282579
906,42,5000.0,160.33529985337822,0.0017076991398710171,0.0032715547724650753
907,42,5263.1578947368425,7.779755549974645,0.0019563827127709772,0.005281380545123795
908,42,5555.555555555556,4.491962811519435,0.012243379946397362,0.006513892632775598
909,42,5882.352941176471,49.06781142142869,0.0016378203865382633,0.00669509445992838
910,42,6250.0,51.10988853727751,0.0014014441582461436,0.007236575282781954
911,42,6666.666666666667,48.36876102294478,0.0012284616595877242,0.00800909103976916
912,42,7142.857142857143,2.288571220693534,0.019000448426853882,0.009660118637697964
913,42,7692.307692307692,0.5574584195823462,0.17572461964679154,0.011585890167528432
914,42,8333.333333333334,0.506357362154965,0.3260493199791315,0.013820331927647166
915,42,9090.90909090909,0.64492529290025,0.407683678301125,0.01661557895629971
916,42,10000.0,0.9727628759032173,0.43708577879800103,0.020285980299036645
917,42,11111.111111111111,11.066678104244842,0.05919411090846371,0.025031691554769177
918,42,12500.0,11.217219803556674,0.0886832431664801,0.031485872756566835
919,42,14285.714285714286,7.685541165710841,0.21634442721409441,0.04099514031737567
920,42,16666.666666666668,3.6834438957203828,0.856276540967879,0.05579217673424174
921,42,20000.0,8.324907288546033,0.8109636364919391,0.08052057420862184
922,42,25000.0,21.247142437494265,0.7638498100728957,0.12640547658863555
923,42,33333.333333333336,49.66539714119738,0.9141542799179784,0.22994099157069403
924,43,4166.666666666667,0.0,0.0,0.0
925,43,4347.826086956522,0.0,0.0,0.0
926,43,4545.454545454545,0.0,0.0,0.0
927,43,4761.9047619047615,0.0,0.0,0.0
928,43,5000.0,0.0,0.0,0.0
929,43,5263.1578947368425,0.0,0.0,0.0
930,43,5555.555555555556,0.0,0.0,0.0
931,43,5882.352941176471,0.0,0.0,0.0
932,43,6250.0,0.0,0.0,0.0
933,43,6666.666666666667,0.0,0.0,0.0
934,43,7142.857142857143,0.0,0.0,0.0
935,43,7692.307692307692,0.0,0.0,0.0
936,43,8333.333333333334,0.0,0.0,0.0
937,43,9090.90909090909,0.0,0.0,0.0
938,43,10000.0,0.0,0.0,0.0
939,43,11111.111111111111,0.0,0.0,0.0
940,43,12500.0,0.0,0.0,0.0
941,43,14285.714285714286,0.0,0.0,0.0
942,43,16666.666666666668,0.0,0.0,0.0
943,43,20000.0,0.0,0.0,0.0
944,43,25000.0,0.0,0.0,0.0
945,43,33333.333333333336,0.0,0.0,0.0
946,44,4166.666666666667,0.0,0.0,0.0
947,44,4347.826086956522,0.0,0.0,0.0
948,44,4545.454545454545,0.0,0.0,0.0
949,44,4761.9047619047615,0.0,0.0,0.0
950,44,5000.0,0.0,0.0,0.0
951,44,5263.1578947368425,0.0,0.0,0.0
952,44,5555.555555555556,0.0,0.0,0.0
953,44,5882.352941176471,0.0,0.0,0.0
954,44,6250.0,0.0,0.0,0.0
955,44,6666.666666666667,0.0,0.0,0.0
956,44,7142.857142857143,0.0,0.0,0.0
957,44,7692.307692307692,0.0,0.0,0.0
958,44,8333.333333333334,0.0,0.0,0.0
959,44,9090.90909090909,0.0,0.0,0.0
960,44,10000.0,0.0,0.0,0.0
961,44,11111.111111111111,0.0,0.0,0.0
962,44,12500.0,0.0,0.0,0.0
963,44,14285.714285714286,0.0,0.0,0.0
964,44,16666.666666666668,0.0,0.0,0.0
965,44,20000.0,0.0,0.0,0.0
966,44,25000.0,0.0,0.0,0.0
967,44,33333.333333333336,0.0,0.0,0.0
968,45,4166.666666666667,0.0,0.0,0.0
969,45,4347.826086956522,0.0,0.0,0.0
970,45,4545.454545454545,0.0,0.0,0.0
971,45,4761.9047619047615,0.0,0.0,0.0
972,45,5000.0,0.0,0.0,0.0
973,45,5263.1578947368425,0.0,0.0,0.0
974,45,5555.555555555556,0.0,0.0,0.0
975,45,5882.352941176471,0.0,0.0,0.0
976,45,6250.0,0.0,0.0,0.0
977,45,6666.666666666667,0.0,0.0,0.0
978,45,7142.857142857143,0.0,0.0,0.0
979,45,7692.307692307692,0.0,0.0,0.0
980,45,8333.333333333334,0.0,0.0,0.0
981,45,9090.90909090909,0.0,0.0,0.0
982,45,10000.0,0.0,0.0,0.0
983,45,11111.111111111111,0.0,0.0,0.0
984,45,12500.0,0.0,0.0,0.0
985,45,14285.714285714286,0.0,0.0,0.0
986,45,16666.666666666668,0.0,0.0,0.0
987,45,20000.0,0.0,0.0,0.0
988,45,25000.0,0.0,0.0,0.0
989,45,33333.333333333336,0.0,0.0,0.0
990,46,4166.666666666667,0.0,0.0,0.0
991,46,4347.826086956522,0.0,0.0,0.0
992,46,4545.454545454545,0.0,0.0,0.0
993,46,4761.9047619047615,0.0,0.0,0.0
994,46,5000.0,0.0,0.0,0.0
995,46,5263.1578947368425,0.0,0.0,0.0
996,46,5555.555555555556,0.0,0.0,0.0
997,46,5882.352941176471,0.0,0.0,0.0
998,46,6250.0,0.0,0.0,0.0
999,46,6666.666666666667,0.0,0.0,0.0
1000,46,7142.857142857143,0.0,0.0,0.0
1001,46,7692.307692307692,0.0,0.0,0.0
1002,46,8333.333333333334,0.0,0.0,0.0
1003,46,9090.90909090909,0.0,0.0,0.0
1004,46,10000.0,0.0,0.0,0.0
1005,46,11111.111111111111,0.0,0.0,0.0
1006,46,12500.0,0.0,0.0,0.0
1007,46,14285.714285714286,0.0,0.0,0.0
1008,46,16666.666666666668,0.0,0.0,0.0
1009,46,20000.0,0.0,0.0,0.0
1010,46,25000.0,0.0,0.0,0.0
1011,46,33333.333333333336,0.0,0.0,0.0
1012,47,4166.666666666667,0.0,0.0,0.0
1013,47,4347.826086956522,0.0,0.0,0.0
1014,47,4545.454545454545,0.0,0.0,0.0
1015,47,4761.9047619047615,0.0,0.0,0.0
1016,47,5000.0,0.0,0.0,0.0
1017,47,5263.1578947368425,0.0,0.0,0.0
1018,47,5555.555555555556,0.0,0.0,0.0
1019,47,5882.352941176471,0.0,0.0,0.0
1020,47,6250.0,0.0,0.0,0.0
1021,47,6666.666666666667,0.0,0.0,0.0
1022,47,7142.857142857143,0.0,0.0,0.0
1023,47,7692.307692307692,0.0,0.0,0.0
1024,47,8333.333333333334,0.0,0.0,0.0
1025,47,9090.90909090909,0.0,0.0,0.0
1026,47,10000.0,0.0,0.0,0.0
1027,47,11111.111111111111,0.0,0.0,0.0
1028,47,12500.0,0.0,0.0,0.0
1029,47,14285.714285714286,0.0,0.0,0.0
1030,47,16666.666666666668,0.0,0.0,0.0
1031,47,20000.0,0.0,0.0,0.0
1032,47,25000.0,0.0,0.0,0.0
1033,47,33333.333333333336,0.0,0.0,0.0
1034,48,4166.666666666667,0.0,0.0,0.0
1035,48,4347.826086956522,0.0,0.0,0.0
1036,48,4545.454545454545,0.0,0.0,0.0
1037,48,4761.9047619047615,0.0,0.0,0.0
1038,48,5000.0,0.0,0.0,0.0
1039,48,5263.1578947368425,0.0,0.0,0.0
1040,48,5555.555555555556,0.0,0.0,0.0
1041,48,5882.352941176471,0.0,0.0,0.0
1042,48,6250.0,0.0,0.0,0.0
1043,48,6666.666666666667,0.0,0.0,0.0
1044,48,7142.857142857143,0.0,0.0,0.0
1045,48,7692.307692307692,0.0,0.0,0.0
1046,48,8333.333333333334,0.0,0.0,0.0
1047,48,9090.90909090909,0.0,0.0,0.0
1048,48,10000.0,0.0,0.0,0.0
1049,48,11111.111111111111,0.0,0.0,0.0
1050,48,12500.0,0.0,0.0,0.0
1051,48,14285.714285714286,0.0,0.0,0.0
1052,48,16666.666666666668,0.0,0.0,0.0
1053,48,20000.0,0.0,0.0,0.0
1054,48,25000.0,0.0,0.0,0.0
1055,48,33333.333333333336,0.0,0.0,0.0
1056,49,4166.666666666667,0.0,0.0,0.0
1057,49,4347.826086956522,0.0,0.0,0.0
1058,49,4545.454545454545,0.0,0.0,0.0
1059,49,4761.9047619047615,0.0,0.0,0.0
1060,49,5000.0,0.0,0.0,0.0
1061,49,5263.1578947368425,0.0,0.0,0.0
1062,49,5555.555555555556,0.0,0.0,0.0
1063,49,5882.352941176471,0.0,0.0,0.0
1064,49,6250.0,0.0,0.0,0.0
1065,49,6666.666666666667,0.0,0.0,0.0
1066,49,7142.857142857143,0.0,0.0,0.0
1067,49,7692.307692307692,0.0,0.0,0.0
1068,49,8333.333333333334,0.0,0.0,0.0
1069,49,9090.90909090909,0.0,0.0,0.0
1070,49,10000.0,0.0,0.0,0.0
1071,49,11111.111111111111,0.0,0.0,0.0
1072,49,12500.0,0.0,0.0,0.0
1073,49,14285.714285714286,0.0,0.0,0.0
1074,49,16666.666666666668,0.0,0.0,0.0
1075,49,20000.0,0.0,0.0,0.0
1076,49,25000.0,0.0,0.0,0.0
1077,49,33333.333333333336,0.0,0.0,0.0
1078,50,4166.666666666667,0.0,0.0,0.0
1079,50,4347.826086956522,0.0,0.0,0.0
1080,50,4545.454545454545,0.0,0.0,0.0
1081,50,4761.9047619047615,0.0,0.0,0.0
1082,50,5000.0,0.0,0.0,0.0
1083,50,5263.1578947368425,0.0,0.0,0.0
1084,50,5555.555555555556,0.0,0.0,0.0
1085,50,5882.352941176471,0.0,0.0,0.0
1086,50,6250.0,0.0,0.0,0.0
1087,50,6666.666666666667,0.0,0.0,0.0
1088,50,7142.857142857143,0.0,0.0,0.0
1089,50,7692.307692307692,0.0,0.0,0.0
1090,50,8333.333333333334,0.0,0.0,0.0
1091,50,9090.90909090909,0.0,0.0,0.0
1092,50,10000.0,0.0,0.0,0.0
1093,50,11111.111111111111,0.0,0.0,0.0
1094,50,12500.0,0.0,0.0,0.0
1095,50,14285.714285714286,0.0,0.0,0.0
1096,50,16666.666666666668,0.0,0.0,0.0
1097,50,20000.0,0.0,0.0,0.0
1098,50,25000.0,0.0,0.0,0.0
1099,50,33333.333333333336,0.0,0.0,0.0
1100,51,4166.666666666667,0.0,0.0,0.0
1101,51,4347.826086956522,0.0,0.0,0.0
1102,51,4545.454545454545,0.0,0.0,0.0
1103,51,4761.9047619047615,0.0,0.0,0.0
1104,51,5000.0,0.0,0.0,0.0
1105,51,5263.1578947368425,0.0,0.0,0.0
1106,51,5555.555555555556,0.0,0.0,0.0
1107,51,5882.352941176471,0.0,0.0,0.0
1108,51,6250.0,0.0,0.0,0.0
1109,51,6666.666666666667,0.0,0.0,0.0
1110,51,7142.857142857143,0.0,0.0,0.0
1111,51,7692.307692307692,0.0,0.0,0.0
1112,51,8333.333333333334,0.0,0.0,0.0
1113,51,9090.90909090909,0.0,0.0,0.0
1114,51,10000.0,0.0,0.0,0.0
1115,51,11111.111111111111,0.0,0.0,0.0
1116,51,12500.0,0.0,0.0,0.0
1117,51,14285.714285714286,0.0,0.0,0.0
1118,51,16666.666666666668,0.0,0.0,0.0
1119,51,20000.0,0.0,0.0,0.0
1120,51,25000.0,0.0,0.0,0.0
1121,51,33333.333333333336,0.0,0.0,0.0
1122,52,4166.666666666667,0.0,0.0,0.0
1123,52,4347.826086956522,0.0,0.0,0.0
1124,52,4545.454545454545,0.0,0.0,0.0
1125,52,4761.9047619047615,0.0,0.0,0.0
1126,52,5000.0,0.0,0.0,0.0
1127,52,5263.1578947368425,0.0,0.0,0.0
1128,52,5555.555555555556,0.0,0.0,0.0
1129,52,5882.352941176471,0.0,0.0,0.0
1130,52,6250.0,0.0,0.0,0.0
1131,52,6666.666666666667,0.0,0.0,0.0
1132,52,7142.857142857143,0.0,0.0,0.0
1133,52,7692.307692307692,0.0,0.0,0.0
1134,52,8333.333333333334,0.0,0.0,0.0
1135,52,9090.90909090909,0.0,0.0,0.0
1136,52,10000.0,0.0,0.0,0.0
1137,52,11111.111111111111,0.0,0.0,0.0
1138,52,12500.0,0.0,0.0,0.0
1139,52,14285.714285714286,0.0,0.0,0.0
1140,52,16666.666666666668,0.0,0.0,0.0
1141,52,20000.0,0.0,0.0,0.0
1142,52,25000.0,0.0,0.0,0.0
1143,52,33333.333333333336,0.0,0.0,0.0
1144,53,4166.666666666667,0.0,0.0,0.0
1145,53,4347.826086956522,0.0,0.0,0.0
1146,53,4545.454545454545,0.0,0.0,0.0
1147,53,4761.9047619047615,0.0,0.0,0.0
1148,53,5000.0,0.0,0.0,0.0
1149,53,5263.1578947368425,0.0,0.0,0.0
1150,53,5555.555555555556,0.0,0.0,0.0
1151,53,5882.352941176471,0.0,0.0,0.0
1152,53,6250.0,0.0,0.0,0.0
1153,53,6666.666666666667,0.0,0.0,0.0
1154,53,7142.857142857143,0.0,0.0,0.0
1155,53,7692.307692307692,0.0,0.0,0.0
1156,53,8333.333333333334,0.0,0.0,0.0
1157,53,9090.90909090909,0.0,0.0,0.0
1158,53,10000.0,0.0,0.0,0.0
1159,53,11111.111111111111,0.0,0.0,0.0
1160,53,12500.0,0.0,0.0,0.0
1161,53,14285.714285714286,0.0,0.0,0.0
1162,53,16666.666666666668,0.0,0.0,0.0
1163,53,20000.0,0.0,0.0,0.0
1164,53,25000.0,0.0,0.0,0.0
1165,53,33333.333333333336,0.0,0.0,0.0
1166,54,4166.666666666667,0.0,0.0,0.0
1167,54,4347.826086956522,0.0,0.0,0.0
1168,54,4545.454545454545,0.0,0.0,0.0
1169,54,4761.9047619047615,0.0,0.0,0.0
1170,54,5000.0,0.0,0.0,0.0
1171,54,5263.1578947368425,0.0,0.0,0.0
1172,54,5555.555555555556,0.0,0.0,0.0
1173,54,5882.352941176471,0.0,0.0,0.0
1174,54,6250.0,0.0,0.0,0.0
1175,54,6666.666666666667,0.0,0.0,0.0
1176,54,7142.857142857143,0.0,0.0,0.0
1177,54,7692.307692307692,0.0,0.0,0.0
1178,54,8333.333333333334,0.0,0.0,0.0
1179,54,9090.90909090909,0.0,0.0,0.0
1180,54,10000.0,0.0,0.0,0.0
1181,54,11111.111111111111,0.0,0.0,0.0
1182,54,12500.0,0.0,0.0,0.0
1183,54,14285.714285714286,0.0,0.0,0.0
1184,54,16666.666666666668,0.0,0.0,0.0
1185,54,20000.0,0.0,0.0,0.0
1186,54,25000.0,0.0,0.0,0.0
1187,54,33333.333333333336,0.0,0.0,0.0
1188,55,4166.666666666667,0.0,0.0,0.0
1189,55,4347.826086956522,0.0,0.0,0.0
1190,55,4545.454545454545,0.0,0.0,0.0
1191,55,4761.9047619047615,0.0,0.0,0.0
1192,55,5000.0,0.0,0.0,0.0
1193,55,5263.1578947368425,0.0,0.0,0.0
1194,55,5555.555555555556,0.0,0.0,0.0
1195,55,5882.352941176471,0.0,0.0,0.0
1196,55,6250.0,0.0,0.0,0.0
1197,55,6666.666666666667,0.0,0.0,0.0
1198,55,7142.857142857143,0.0,0.0,0.0
1199,55,7692.307692307692,0.0,0.0,0.0
1200,55,8333.333333333334,0.0,0.0,0.0
1201,55,9090.90909090909,0.0,0.0,0.0
1202,55,10000.0,0.0,0.0,0.0
1203,55,11111.111111111111,0.0,0.0,0.0
1204,55,12500.0,0.0,0.0,0.0
1205,55,14285.714285714286,0.0,0.0,0.0
1206,55,16666.666666666668,0.0,0.0,0.0
1207,55,20000.0,0.0,0.0,0.0
1208,55,25000.0,0.0,0.0,0.0
1209,55,33333.333333333336,0.0,0.0,0.0
1210,56,4166.666666666667,0.0,0.0,0.0
1211,56,4347.826086956522,0.0,0.0,0.0
1212,56,4545.454545454545,0.0,0.0,0.0
1213,56,4761.9047619047615,0.0,0.0,0.0
1214,56,5000.0,0.0,0.0,0.0
1215,56,5263.1578947368425,0.0,0.0,0.0
1216,56,5555.555555555556,0.0,0.0,0.0
1217,56,5882.352941176471,0.0,0.0,0.0
1218,56,6250.0,0.0,0.0,0.0
1219,56,6666.666666666667,0.0,0.0,0.0
1220,56,7142.857142857143,0.0,0.0,0.0
1221,56,7692.307692307692,0.0,0.0,0.0
1222,56,8333.333333333334,0.0,0.0,0.0
1223,56,9090.90909090909,0.0,0.0,0.0
1224,56,10000.0,0.0,0.0,0.0
1225,56,11111.111111111111,0.0,0.0,0.0
1226,56,12500.0,0.0,0.0,0.0
1227,56,14285.714285714286,0.0,0.0,0.0
1228,56,16666.666666666668,0.0,0.0,0.0
1229,56,20000.0,0.0,0.0,0.0
1230,56,25000.0,0.0,0.0,0.0
1231,56,33333.333333333336,0.0,0.0,0.0
1232,57,4166.666666666667,0.0,0.0,0.0
1233,57,4347.826086956522,0.0,0.0,0.0
1234,57,4545.454545454545,0.0,0.0,0.0
1235,57,4761.9047619047615,0.0,0.0,0.0
1236,57,5000.0,0.0,0.0,0.0
1237,57,5263.1578947368425,0.0,0.0,0.0
1238,57,5555.555555555556,0.0,0.0,0.0
1239,57,5882.352941176471,0.0,0.0,0.0
1240,57,6250.0,0.0,0.0,0.0
1241,57,6666.666666666667,0.0,0.0,0.0
1242,57,7142.857142857143,0.0,0.0,0.0
1243,57,7692.307692307692,0.0,0.0,0.0
1244,57,8333.333333333334,0.0,0.0,0.0
1245,57,9090.90909090909,0.0,0.0,0.0
1246,57,10000.0,0.0,0.0,0.0
1247,57,11111.111111111111,0.0,0.0,0.0
1248,57,12500.0,0.0,0.0,0.0
1249,57,14285.714285714286,0.0,0.0,0.0
1250,57,16666.666666666668,0.0,0.0,0.0
1251,57,20000.0,0.0,0.0,0.0
1252,57,25000.0,0.0,0.0,0.0
1253,57,33333.333333333336,0.0,0.0,0.0
1254,58,4166.666666666667,0.0,0.0,0.0
1255,58,4347.826086956522,0.0,0.0,0.0
1256,58,4545.454545454545,0.0,0.0,0.0
1257,58,4761.9047619047615,0.0,0.0,0.0
1258,58,5000.0,0.0,0.0,0.0
1259,58,5263.1578947368425,0.0,0.0,0.0
1260,58,5555.555555555556,0.0,0.0,0.0
1261,58,5882.352941176471,0.0,0.0,0.0
1262,58,6250.0,0.0,0.0,0.0
1263,58,6666.666666666667,0.0,0.0,0.0
1264,58,7142.857142857143,0.0,0.0,0.0
1265,58,7692.307692307692,0.0,0.0,0.0
1266,58,8333.333333333334,0.0,0.0,0.0
1267,58,9090.90909090909,0.0,0.0,0.0
1268,58,10000.0,0.0,0.0,0.0
1269,58,11111.111111111111,0.0,0.0,0.0
1270,58,12500.0,0.0,0.0,0.0
1271,58,14285.714285714286,0.0,0.0,0.0
1272,58,16666.666666666668,0.0,0.0,0.0
1273,58,20000.0,0.0,0.0,0.0
1274,58,25000.0,0.0,0.0,0.0
1275,58,33333.333333333336,0.0,0.0,0.0
1276,59,4166.666666666667,0.0,0.0,0.0
1277,59,4347.826086956522,0.0,0.0,0.0
1278,59,4545.454545454545,0.0,0.0,0.0
1279,59,4761.9047619047615,0.0,0.0,0.0
1280,59,5000.0,0.0,0.0,0.0
1281,59,5263.1578947368425,0.0,0.0,0.0
1282,59,5555.555555555556,0.0,0.0,0.0
1283,59,5882.352941176471,0.0,0.0,0.0
1284,59,6250.0,0.0,0.0,0.0
1285,59,6666.666666666667,0.0,0.0,0.0
1286,59,7142.857142857143,0.0,0.0,0.0
1287,59,7692.307692307692,0.0,0.0,0.0
1288,59,8333.333333333334,0.0,0.0,0.0
1289,59,9090.90909090909,0.0,0.0,0.0
1290,59,10000.0,0.0,0.0,0.0
1291,59,11111.111111111111,0.0,0.0,0.0
1292,59,12500.0,0.0,0.0,0.0
1293,59,14285.714285714286,0.0,0.0,0.0
1294,59,16666.666666666668,0.0,0.0,0.0
1295,59,20000.0,0.0,0.0,0.0
1296,59,25000.0,0.0,0.0,0.0
1297,59,33333.333333333336,0.0,0.0,0.0
1298,60,4166.666666666667,0.0,0.0,0.0
1299,60,4347.826086956522,0.0,0.0,0.0
1300,60,4545.454545454545,0.0,0.0,0.0
1301,60,4761.9047619047615,0.0,0.0,0.0
1302,60,5000.0,0.0,0.0,0.0
1303,60,5263.1578947368425,0.0,0.0,0.0
1304,60,5555.555555555556,0.0,0.0,0.0
1305,60,5882.352941176471,0.0,0.0,0.0
1306,60,6250.0,0.0,0.0,0.0
1307,60,6666.666666666667,0.0,0.0,0.0
1308,60,7142.857142857143,0.0,0.0,0.0
1309,60,7692.307692307692,0.0,0.0,0.0
1310,60,8333.333333333334,0.0,0.0,0.0
1311,60,9090.90909090909,0.0,0.0,0.0
1312,60,10000.0,0.0,0.0,0.0
1313,60,11111.111111111111,0.0,0.0,0.0
1314,60,12500.0,0.0,0.0,0.0
1315,60,14285.714285714286,0.0,0.0,0.0
1316,60,16666.666666666668,0.0,0.0,0.0
1317,60,20000.0,0.0,0.0,0.0
1318,60,25000.0,0.0,0.0,0.0
1319,60,33333.333333333336,0.0,0.0,0.0
1320,61,4166.666666666667,0.0,0.0,0.0
1321,61,4347.826086956522,0.0,0.0,0.0
1322,61,4545.454545454545,0.0,0.0,0.0
1323,61,4761.9047619047615,0.0,0.0,0.0
1324,61,5000.0,0.0,0.0,0.0
1325,61,5263.1578947368425,0.0,0.0,0.0
1326,61,5555.555555555556,0.0,0.0,0.0
1327,61,5882.352941176471,0.0,0.0,0.0
1328,61,6250.0,0.0,0.0,0.0
1329,61,6666.666666666667,0.0,0.0,0.0
1330,61,7142.857142857143,0.0,0.0,0.0
1331,61,7692.307692307692,0.0,0.0,0.0
1332,61,8333.333333333334,0.0,0.0,0.0
1333,61,9090.90909090909,0.0,0.0,0.0
1334,61,10000.0,0.0,0.0,0.0
1335,61,11111.111111111111,0.0,0.0,0.0
1336,61,12500.0,0.0,0.0,0.0
1337,61,14285.714285714286,0.0,0.0,0.0
1338,61,16666.666666666668,0.0,0.0,0.0
1339,61,20000.0,0.0,0.0,0.0
1340,61,25000.0,0.0,0.0,0.0
1341,61,33333.333333333336,0.0,0.0,0.0
1342,62,4166.666666666667,0.0,0.0,0.0
1343,62,4347.826086956522,0.0,0.0,0.0
1344,62,4545.454545454545,0.0,0.0,0.0
1345,62,4761.9047619047615,0.0,0.0,0.0
1346,62,5000.0,0.0,0.0,0.0
1347,62,5263.1578947368425,0.0,0.0,0.0
1348,62,5555.555555555556,0.0,0.0,0.0
1349,62,5882.352941176471,0.0,0.0,0.0
1350,62,6250.0,0.0,0.0,0.0
1351,62,6666.666666666667,0.0,0.0,0.0
1352,62,7142.857142857143,0.0,0.0,0.0
1353,62,7692.307692307692,0.0,0.0,0.0
1354,62,8333.333333333334,0.0,0.0,0.0
1355,62,9090.90909090909,0.0,0.0,0.0
1356,62,10000.0,0.0,0.0,0.0
1357,62,11111.111111111111,0.0,0.0,0.0
1358,62,12500.0,0.0,0.0,0.0
1359,62,14285.714285714286,0.0,0.0,0.0
1360,62,16666.666666666668,0.0,0.0,0.0
1361,62,20000.0,0.0,0.0,0.0
1362,62,25000.0,0.0,0.0,0.0
1363,62,33333.333333333336,0.0,0.0,0.0
1364,63,4166.666666666667,0.0,0.0,0.0
1365,63,4347.826086956522,0.0,0.0,0.0
1366,63,4545.454545454545,0.0,0.0,0.0
1367,63,4761.9047619047615,0.0,0.0,0.0
1368,63,5000.0,0.0,0.0,0.0
1369,63,5263.1578947368425,0.0,0.0,0.0
1370,63,5555.555555555556,0.0,0.0,0.0
1371,63,5882.352941176471,0.0,0.0,0.0
1372,63,6250.0,0.0,0.0,0.0
1373,63,6666.666666666667,0.0,0.0,0.0
1374,63,7142.857142857143,0.0,0.0,0.0
1375,63,7692.307692307692,0.0,0.0,0.0
1376,63,8333.333333333334,0.0,0.0,0.0
1377,63,9090.90909090909,0.0,0.0,0.0
1378,63,10000.0,0.0,0.0,0.0
1379,63,11111.111111111111,0.0,0.0,0.0
1380,63,12500.0,0.0,0.0,0.0
1381,63,14285.714285714286,0.0,0.0,0.0
1382,63,16666.666666666668,0.0,0.0,0.0
1383,63,20000.0,0.0,0.0,0.0
1384,63,25000.0,0.0,0.0,0.0
1385,63,33333.333333333336,0.0,0.0,0.0
1386,64,4166.666666666667,0.0,0.0,0.0
1387,64,4347.826086956522,0.0,0.0,0.0
1388,64,4545.454545454545,0.0,0.0,0.0
1389,64,4761.9047619047615,0.0,0.0,0.0
1390,64,5000.0,0.0,0.0,0.0
1391,64,5263.1578947368425,0.0,0.0,0.0
1392,64,5555.555555555556,0.0,0.0,0.0
1393,64,5882.352941176471,0.0,0.0,0.0
1394,64,6250.0,0.0,0.0,0.0
1395,64,6666.666666666667,0.0,0.0,0.0
1396,64,7142.857142857143,0.0,0.0,0.0
1397,64,7692.307692307692,0.0,0.0,0.0
1398,64,8333.333333333334,0.0,0.0,0.0
1399,64,9090.90909090909,0.0,0.0,0.0
1400,64,10000.0,0.0,0.0,0.0
1401,64,11111.111111111111,0.0,0.0,0.0
1402,64,12500.0,0.0,0.0,0.0
1403,64,14285.714285714286,0.0,0.0,0.0
1404,64,16666.666666666668,0.0,0.0,0.0
1405,64,20000.0,0.0,0.0,0.0
1406,64,25000.0,0.0,0.0,0.0
1407,64,33333.333333333336,0.0,0.0,0.0
1408,65,4166.666666666667,0.0,0.0,0.0
1409,65,4347.826086956522,0.0,0.0,0.0
1410,65,4545.454545454545,0.0,0.0,0.0
1411,65,4761.9047619047615,0.0,0.0,0.0
1412,65,5000.0,0.0,0.0,0.0
1413,65,5263.1578947368425,0.0,0.0,0.0
1414,65,5555.555555555556,0.0,0.0,0.0
1415,65,5882.352941176471,0.0,0.0,0.0
1416,65,6250.0,0.0,0.0,0.0
1417,65,6666.666666666667,0.0,0.0,0.0
1418,65,7142.857142857143,0.0,0.0,0.0
1419,65,7692.307692307692,0.0,0.0,0.0
1420,65,8333.333333333334,0.0,0.0,0.0
1421,65,9090.90909090909,0.0,0.0,0.0
1422,65,10000.0,0.0,0.0,0.0
1423,65,11111.111111111111,0.0,0.0,0.0
1424,65,12500.0,0.0,0.0,0.0
1425,65,14285.714285714286,0.0,0.0,0.0
1426,65,16666.666666666668,0.0,0.0,0.0
1427,65,20000.0,0.0,0.0,0.0
1428,65,25000.0,0.0,0.0,0.0
1429,65,33333.333333333336,0.0,0.0,0.0
1430,66,4166.666666666667,0.0,0.0,0.0
1431,66,4347.826086956522,0.0,0.0,0.0
1432,66,4545.454545454545,0.0,0.0,0.0
1433,66,4761.9047619047615,0.0,0.0,0.0
1434,66,5000.0,0.0,0.0,0.0
1435,66,5263.1578947368425,0.0,0.0,0.0
1436,66,5555.555555555556,0.0,0.0,0.0
1437,66,5882.352941176471,0.0,0.0,0.0
1438,66,6250.0,0.0,0.0,0.0
1439,66,6666.666666666667,0.0,0.0,0.0
1440,66,7142.857142857143,0.0,0.0,0.0
1441,66,7692.307692307692,0.0,0.0,0.0
1442,66,8333.333333333334,0.0,0.0,0.0
1443,66,9090.90909090909,0.0,0.0,0.0
1444,66,10000.0,0.0,0.0,0.0
1445,66,11111.111111111111,0.0,0.0,0.0
1446,66,12500.0,0.0,0.0,0.0
1447,66,14285.714285714286,0.0,0.0,0.0
1448,66,16666.666666666668,0.0,0.0,0.0
1449,66,20000.0,0.0,0.0,0.0
1450,66,25000.0,0.0,0.0,0.0
1451,66,33333.333333333336,0.0,0.0,0.0
